Brenda,Phillips
Anna,Davis
Julie,Lawson
Julie,Wagner
Rose,Howard
Janice,Miller
Virginia,Palmer
Diana,Sanchez
Sarah,Wilson
Jane,Willis
Kathy,Warren
Kelly,Powell
Louise,Shaw
Joyce,Riley
Nicole,Taylor
Alice,Hudson
Carol,Gonzalez
Joyce,Green
Joyce,Collins
Janet,Moore
Teresa,Cole
Christina,Morgan
Christina,Simpson
Beverly,Hernandez
Sarah,Murray
Susan,Torres
Judy,Riley
Karen,Alvarez
Jean,Kelly
Mildred,Ruiz
Katherine,Payne
Wanda,Freeman
Julia,Rice
Norma,Shaw
Irene,Mendoza
Janet,Elliott
Lois,Morales
Ruby,Hunter
Betty,Chapman
Heather,Lawrence
Melissa,Mills
Jane,Palmer
Julia,Gordon
Annie,Webb
Mildred,Morales
Lois,Rogers
Nancy,Evans
Marie,Alexander
Sara,Barnes
Lisa,Dean
Cheryl,Howell
Julia,Cunningham
Julia,Nelson
Robin,Allen
Joyce,Burton
Tammy,Lawson
Maria,Robinson
Amanda,Robinson
Nicole,Moreno
Kathy,Frazier
Katherine,Lopez
Evelyn,Powell
Melissa,Matthews
Shirley,Brooks
Julia,Banks
Lori,Mendoza
Judith,Marshall
Sandra,Fowler
Linda,Clark
Angela,Mills
Rachel,Fowler
Linda,Warren
Heather,Harvey
Sara,Reyes
Rachel,Adams
Teresa,Lopez
Elizabeth,Snyder
Debra,Henderson
Sara,Stevens
Mildred,Berry
Betty,Richards
Ashley,Austin
Denise,Scott
Nancy,Sullivan
Debra,Welch
Christine,Olson
Tina,Warren
Julie,Peterson
Amanda,Murphy
Debra,Bailey
Kathleen,Hart
Kathleen,Kelly
Theresa,Black
Rachel,Vasquez
Anne,Richards
Pamela,Wallace
Kathy,Reed
Lillian,Long
Christina,Andrews
Nicole,West
Nicole,Mccoy
Sandra,Griffin
Denise,Montgomery
Doris,Oliver
Cheryl,Barnes
Maria,Ryan
Phyllis,Oliver
Lisa,Moreno
Laura,Ross
Bonnie,Henderson
Annie,Young
Pamela,Martin
Lori,Hall
Denise,Garcia
Nicole,Hayes
Denise,Carter
Katherine,Kennedy
Ruby,Olson
Sara,Marshall
Rose,Owens
Bonnie,Hanson
Janice,Nichols
Ruby,Lewis
Beverly,Moore
Jane,Hernandez
Teresa,Ruiz
Shirley,Howard
Ruby,Wright
Ashley,Willis
Judith,Cunningham
Tammy,Willis
Heather,Moore
Cynthia,Wells
Denise,Simmons
Martha,Diaz
Dorothy,Henderson
Kimberly,Campbell
Angela,Wheeler
Tammy,Fuller
Helen,Arnold
Patricia,Roberts
Jacqueline,Cruz
Irene,Stewart
Pamela,Daniels
Amanda,Torres
Frances,Hernandez
Lisa,Collins
Anna,Larson
Maria,Hayes
Emily,Clark
Robin,West
Betty,Crawford
Jean,Shaw
Louise,Mcdonald
Beverly,Alvarez
Joan,Murphy
Margaret,Burns
Cynthia,Fernandez
Martha,Ruiz
Lois,Mitchell
Ruby,Fisher
Linda,George
Jessica,Ramos
Carol,Fields
Bonnie,Graham
Amanda,Hughes
Cynthia,Perry
Paula,Larson
Irene,Jenkins
Diane,Simpson
Paula,Alexander
Sandra,Banks
Andrea,Myers
Lillian,Elliott
Catherine,Fernandez
Christina,Andrews
Kathleen,Kennedy
Lori,Olson
Helen,Watkins
Janice,Williams
Angela,Adams
Nancy,Morgan
Kelly,Jenkins
Janet,George
Katherine,Young
Ashley,Coleman
Amy,Nichols
Patricia,Davis
Annie,Hayes
Lillian,Wells
Annie,Campbell
Andrea,Barnes
Judith,Spencer
Brenda,Dunn
Marilyn,Austin
Sara,Watson
Ruth,Russell
Marilyn,Jordan
Teresa,Ellis
Maria,King
Angela,Reid
Cynthia,Stevens
Patricia,Dixon
Anna,Cook
Lori,Howard
Donna,Fields
Betty,Murray
Annie,Miller
Theresa,Stephens
Patricia,Chapman
Helen,Miller
Anne,Rivera
Lisa,Daniels
Nancy,Kennedy
Judith,Fisher
Virginia,Allen
Joan,Baker
Diane,Ramos
Carolyn,Clark
Beverly,Ferguson
Tammy,Murray
Kathryn,Bishop
Wanda,Turner
Jacqueline,Powell
Catherine,Howell
Marie,Perry
Ann,Wood
Norma,Gilbert
Margaret,Griffin
Louise,Gardner
Kimberly,Woods
Donna,Cole
Carolyn,Freeman
Julia,Sims
Jennifer,Taylor
Brenda,Hunter
Sandra,Elliott
Gloria,Miller
Nicole,Clark
Nancy,Lee
Annie,Perez
Bonnie,Marshall
Lisa,Smith
Jennifer,Smith
Tammy,Diaz
Theresa,Stewart
Kathryn,Webb
Deborah,Mills
Carolyn,Jenkins
Ruth,Willis
Linda,Reid
Carolyn,Hunt
Michelle,Brooks
Martha,Moreno
Norma,Jacobs
Bonnie,Gomez
Wanda,Mills
Louise,Freeman
Margaret,Brown
Julia,Matthews
Julia,Hill
Joan,Bowman
Sharon,Williamson
Cheryl,Mitchell
Carol,Collins
Shirley,Tucker
Phyllis,Brooks
Judith,Sullivan
Beverly,Greene
Jean,Edwards
Phyllis,Banks
Julia,Shaw
Theresa,Warren
Laura,Garcia
Amanda,Medina
Dorothy,Olson
Jane,Scott
Rebecca,Williams
Kathy,Meyer
Kelly,Walker
Andrea,Watson
Pamela,Mcdonald
Deborah,Mason
Kathleen,Bishop
Shirley,Tucker
Katherine,Gardner
Jennifer,Wallace
Janet,Olson
Karen,Johnston
Katherine,Hanson
Jacqueline,Perez
Rebecca,Diaz
Amanda,Parker
Lisa,Fields
Joan,Wilson
Norma,Morris
Phyllis,Dean
Rebecca,Rice
Heather,Bryant
Wanda,Howard
Shirley,Walker
Sarah,Kelly
Margaret,Edwards
Sandra,Hansen
Beverly,Marshall
Shirley,Daniels
Jessica,Larson
Kathryn,Graham
Jennifer,Scott
Cynthia,Hansen
Ruth,Jenkins
Christine,Stevens
Kelly,Cook
Martha,Taylor
Diana,Williams
Lisa,Pierce
Shirley,Peterson
Lillian,Ortiz
Ruby,Torres
Angela,Hart
Annie,Crawford
Lois,Grant
Jane,Howard
Lois,Reynolds
Rose,Henry
Heather,Russell
Amanda,Welch
Melissa,Ramos
Sarah,Anderson
Pamela,Stevens
Andrea,Clark
Carolyn,Mason
Deborah,Lewis
Ashley,Black
Anna,Matthews
Janet,Hansen
Nancy,Little
Heather,Dunn
Maria,Roberts
Rebecca,Harper
Ashley,Hawkins
Barbara,Williams
Bonnie,Gonzales
Sara,Hart
Jean,Adams
Linda,Simmons
Karen,Sullivan
Patricia,Williams
Tina,West
Kathryn,Kelly
Sharon,Boyd
Martha,Kim
Jane,Stanley
Katherine,Harrison
Mildred,Miller
Sara,Allen
Susan,Hill
Carol,Chavez
Betty,Barnes
Helen,Wagner
Lori,Johnston
Joyce,Mason
Cheryl,Austin
Betty,Lee
Amanda,George
Bonnie,Grant
Joan,Jordan
Patricia,Castillo
Jessica,Reynolds
Carol,Alvarez
Heather,Peters
Alice,Simpson
Kathryn,Phillips
Denise,Johnston
Linda,Flores
Julia,Crawford
Heather,Miller
Ruby,Riley
Kimberly,Ford
Nicole,Cooper
Cheryl,White
Ruby,Tucker
Marie,Cruz
Patricia,Cook
Janice,Hunter
Anna,Gardner
Theresa,Reynolds
Carol,Cooper
Frances,Gonzalez
Bonnie,Rodriguez
Angela,Bryant
Tammy,Ryan
Beverly,Garza
Anne,Hughes
Wanda,Foster
Stephanie,Long
Louise,Ryan
Joyce,Graham
Karen,Bradley
Judith,Greene
Nicole,Baker
Joyce,Rodriguez
Rachel,Hill
Christine,Fox
Kathryn,Lopez
Helen,Smith
Ashley,Mendoza
Gloria,Stevens
Rebecca,Medina
Jane,Reynolds
Patricia,Sanchez
Kathy,Ramos
Louise,Rivera
Tina,Rivera
Nicole,Hall
Jessica,Fernandez
Julia,Ellis
Janice,Robertson
Maria,Gibson
Jean,Wilson
Shirley,Castillo
Beverly,Sims
Pamela,Carter
Lois,Bennett
Linda,Reid
Ann,Morgan
Bonnie,Hanson
Amy,Simmons
Beverly,Martinez
Marilyn,Bradley
Donna,Morales
Christine,Powell
Emily,Morrison
Joan,Morrison
Christina,Greene
Jacqueline,Watkins
Alice,Mills
Brenda,Armstrong
Robin,Baker
Linda,Washington
Christine,Vasquez
Kathryn,Lawson
Julie,Hunt
Diane,Harrison
Deborah,Banks
Andrea,Harper
Annie,Sims
Kimberly,King
Sandra,White
Rebecca,Mills
Michelle,Long
Jean,Knight
Jane,Tucker
Ruth,Snyder
Susan,Kelley
Joyce,Hawkins
Jessica,Harrison
Wanda,Morris
Michelle,Payne
Marilyn,Sanders
Evelyn,Mills
Ruby,Lopez
Rebecca,Taylor
Carol,Berry
Joyce,Owens
Sharon,Hunter
Jessica,Vasquez
Christine,Gilbert
Cynthia,Greene
Ruth,Ross
Irene,Freeman
Nancy,Bishop
Joyce,Woods
Maria,Willis
Norma,Roberts
Dorothy,Morales
Gloria,Hayes
Elizabeth,Morgan
Christina,Freeman
Judith,Brooks
Ashley,Riley
Doris,Ruiz
Nancy,Harvey
Tammy,Holmes
Marilyn,Nelson
Carolyn,Harris
Tina,Bradley
Marie,Nelson
Janet,Hernandez
Tina,Bennett
Theresa,Shaw
Debra,Olson
Martha,James
Marilyn,Wheeler
Donna,Wallace
Julie,Henry
Ann,Cox
Jane,Alexander
Linda,Henderson
Ruth,Fuller
Sara,Dean
Diane,Stewart
Heather,Kelly
Julie,Henry
Lois,Larson
Joyce,Boyd
Ruth,Gonzales
Carol,Young
Louise,Edwards
Paula,Long
Patricia,Mason
Heather,Vasquez
Alice,Parker
Julia,Parker
Betty,Reyes
Marie,Snyder
Shirley,Lane
Tina,Robinson
Frances,Medina
Louise,Stevens
Janet,Perkins
Frances,Cox
Emily,Henry
Kelly,Howell
Sharon,Sullivan
Tina,Jackson
Amanda,Ellis
Julia,Brooks
Kathleen,Ramirez
Debra,Hawkins
Sarah,Stephens
Ann,Bryant
Sarah,Hart
Rose,Black
Lori,Ramirez
Barbara,Wood
Ruby,Robertson
Stephanie,Patterson
Susan,Harrison
Julie,Moreno
Diana,Brown
Cheryl,Banks
Donna,Chapman
Sharon,Martin
Amanda,Day
Teresa,White
Judith,Peters
Patricia,Hanson
Carol,Ruiz
Mary,Hansen
Katherine,Reynolds
Kimberly,Carr
Sara,Richards
Joan,Davis
Carol,Turner
Deborah,Lynch
Laura,Gibson
Marilyn,Dixon
Sharon,Gilbert
Deborah,Rogers
Virginia,Castillo
Rebecca,Nelson
Betty,Banks
Heather,Reed
Janet,Barnes
Bonnie,Bishop
Gloria,Bishop
Evelyn,Wilson
Cheryl,Roberts
Helen,Cunningham
Anne,Allen
Evelyn,Dean
Judith,Brooks
Robin,Dunn
Theresa,Johnston
Alice,Robertson
Susan,Murphy
Andrea,Robinson
Ruth,Lawson
Bonnie,Ramirez
Beverly,Bailey
Kathleen,Porter
Sarah,Pierce
Paula,George
Amy,Porter
Frances,Wood
Ruth,Watson
Ruby,Reynolds
Jean,Russell
Nicole,Moreno
Christine,Carroll
Judy,Greene
Carolyn,Taylor
Teresa,Lopez
Julia,Wallace
Julie,Ramos
Angela,Greene
Janice,Marshall
Anne,Brown
Debra,Howard
Helen,Reid
Barbara,Gordon
Julia,Patterson
Amy,Smith
Gloria,Hughes
Mary,Garrett
Shirley,Fields
Sarah,Elliott
Marilyn,Parker
Annie,Peterson
Judith,Vasquez
Stephanie,Evans
Pamela,Pierce
Irene,Rice
Cheryl,Porter
Judith,Robertson
Betty,Cunningham
Christina,Jacobs
Tammy,Greene
Sandra,Fowler
Cheryl,Campbell
Carol,Andrews
Kathy,Anderson
Virginia,Crawford
Carolyn,Porter
Deborah,Miller
Judith,Austin
Melissa,Hayes
Virginia,Howard
Elizabeth,Henry
Christina,Franklin
Virginia,Washington
Norma,Matthews
Jacqueline,Hill
Louise,Stephens
Patricia,Jacobs
Jacqueline,Flores
Catherine,Larson
Debra,Lynch
Judy,Cunningham
Linda,Hart
Alice,Nguyen
Norma,Williamson
Julie,Owens
Tina,Little
Ashley,Romero
Melissa,Hughes
Christine,Hill
Dorothy,Carter
Donna,Hunt
Diane,Bishop
Anne,Powell
Jean,Fernandez
Beverly,Knight
Lori,Watkins
Elizabeth,Sanders
Kimberly,Ward
Betty,Sanchez
Judy,Welch
Barbara,Ruiz
Frances,Bowman
Julia,Taylor
Sarah,Chavez
Bonnie,Fernandez
Gloria,Torres
Anna,Ruiz
Donna,Little
Norma,Ellis
Phyllis,Washington
Helen,Moreno
Kathryn,Sanders
Janice,King
Barbara,Stone
Christine,Young
Pamela,Roberts
Lillian,Sims
Laura,Ray
Gloria,Simmons
Anna,Greene
Denise,Reed
Lori,White
Kelly,Harris
Lillian,Moore
Heather,Ray
Angela,Nelson
Amy,Bell
Lisa,Brooks
Joyce,Welch
Heather,Ramos
Karen,Scott
Louise,Roberts
Barbara,Duncan
Donna,Hayes
Joan,Shaw
Robin,Rose
Louise,Palmer
Lori,Rose
Norma,James
Nicole,Marshall
Robin,Jenkins
Christine,Myers
Melissa,Fernandez
Pamela,Wright
Patricia,Garza
Beverly,Boyd
Janice,Young
Louise,Bradley
Christine,Gilbert
Amanda,White
Frances,Powell
Carolyn,Powell
Helen,Fields
Jennifer,Foster
Brenda,Andrews
Denise,Taylor
Christina,Frazier
Ruby,Ward
Melissa,Flores
Judith,Williams
Stephanie,Burke
Kathryn,Vasquez
Kathryn,Morgan
Julie,Gilbert
Heather,Dean
Shirley,Parker
Rebecca,Carr
Tina,Washington
Ashley,Wilson
Judith,Bennett
Kathy,Morrison
Rebecca,Welch
Anne,Richards
Heather,Snyder
Brenda,Howard
Marie,Cooper
Lisa,White
Rachel,Gonzales
Sharon,Sanchez
Emily,Flores
Michelle,Lee
Heather,Nichols
Mary,Rice
Jessica,Ward
Amanda,Ross
Susan,Richardson
Donna,Armstrong
Annie,Hall
Betty,Berry
Helen,Lawrence
Diana,Mills
Betty,Rose
Catherine,Medina
Frances,Ross
Barbara,Flores
Laura,Morgan
Diana,Lawson
Theresa,Kennedy
Judith,Burke
Emily,Foster
Amanda,Martinez
Evelyn,Bowman
Kathy,Allen
Lois,Cruz
Marilyn,Walker
Dorothy,Welch
Robin,Black
Sarah,Powell
Ruth,Dean
Virginia,Boyd
Amanda,Mendoza
Heather,Daniels
Carolyn,Crawford
Kimberly,Franklin
Denise,Clark
Patricia,Moreno
Rachel,Martin
Angela,Day
Marilyn,Howard
Marie,Fields
Betty,Payne
Paula,Gardner
Phyllis,Spencer
Rose,Stevens
Alice,Miller
Cheryl,Fernandez
Lois,Sullivan
Sandra,Carroll
Judith,Burton
Rebecca,Fuller
Margaret,Washington
Donna,Clark
Doris,Kelly
Amanda,Diaz
Julie,Stewart
Louise,Reyes
Mildred,Nguyen
Michelle,Cooper
Janet,Martin
Mary,Fisher
Barbara,Chapman
Michelle,Stephens
Deborah,Kim
Janice,Oliver
Karen,Richardson
Janet,Owens
Karen,West
Martha,Mccoy
Amy,Lane
Melissa,Morales
Shirley,Burns
Dorothy,Robinson
Marilyn,Simpson
Carol,Chapman
Ruby,Ray
Amy,Collins
Wanda,Peterson
Linda,Phillips
Marilyn,Hicks
Mildred,Nguyen
Jean,Parker
Sara,Simmons
Dorothy,Carroll
Denise,Olson
Kathy,Scott
Anne,Oliver
Lillian,Mccoy
Janice,Jenkins
Kathryn,Armstrong
Dorothy,Carpenter
Diana,Olson
Susan,Tucker
Karen,Sanchez
Gloria,Rice
Margaret,Gutierrez
Ruth,Powell
Kelly,Wagner
Norma,Medina
Lori,Brooks
Judy,Turner
Carol,Medina
Wanda,Murphy
Julie,Olson
Angela,Burton
Jessica,Wright
Andrea,Stanley
Carolyn,Sims
Martha,Hughes
Doris,Hart
Mary,Hansen
Stephanie,Lee
Laura,Ray
Kathy,Harper
Norma,Robertson
Virginia,Butler
Betty,Bradley
Lois,Campbell
Emily,Ortiz
Ruth,Black
Diana,Peterson
Andrea,Lane
Carolyn,Morgan
Janice,Richards
Stephanie,Anderson
Denise,Austin
Teresa,Bradley
Janet,Willis
Anna,Day
Betty,Hernandez
Maria,Jenkins
Carolyn,Graham
Stephanie,Carroll
Christine,Myers
Karen,Torres
Elizabeth,Hawkins
Kelly,Hunt
Robin,Stevens
Pamela,Bowman
Paula,Hawkins
Susan,Gonzales
Debra,Gonzalez
Sharon,Gibson
Cheryl,Morales
Anne,Burton
Linda,Howell
Kathryn,Roberts
Kathryn,Woods
Diane,Bailey
Angela,Brooks
Maria,Holmes
Norma,Graham
Lori,Ramirez
Stephanie,Butler
Maria,Lopez
Wanda,Chavez
Patricia,Owens
Nicole,Hunter
Anna,Peters
Paula,Fox
Linda,Watson
Tammy,Fuller
Doris,Hughes
Jane,Gardner
Sharon,Hernandez
Elizabeth,Wood
Rose,Hill
Michelle,Thompson
Stephanie,Mcdonald
Rebecca,Grant
Maria,Mcdonald
Teresa,Graham
Shirley,Richardson
Anna,Armstrong
Bonnie,Carroll
Rebecca,Adams
Julie,Martin
Margaret,Hall
Joan,Andrews
Virginia,Long
Frances,Fox
Cheryl,Crawford
Brenda,Barnes
Brenda,Gilbert
Karen,Fernandez
Dorothy,Ryan
Laura,Ward
Paula,Watkins
Mildred,Gutierrez
Janet,Evans
Annie,Jones
Michelle,Banks
Evelyn,Bailey
Melissa,Mitchell
Rebecca,Walker
Amanda,Hunt
Karen,Lee
Martha,Thomas
Helen,Wood
Kathryn,Powell
Amy,Olson
Judith,Richardson
Rachel,Torres
Ann,Henderson
Kimberly,Wallace
Julia,Brown
Linda,Williamson
Heather,Ellis
Debra,Price
Sandra,Wagner
Lori,Palmer
Mary,James
Rebecca,Myers
Joyce,King
Lillian,Larson
Beverly,Warren
Marie,Wells
Shirley,Ford
Jessica,Patterson
Gloria,Grant
Tina,Bennett
Annie,Wright
Virginia,Kelly
Ruth,Tucker
Martha,Evans
Joyce,Shaw
Diane,Harper
Angela,Parker
Nicole,Parker
Kimberly,Nichols
Paula,Foster
Brenda,Montgomery
Kimberly,Daniels
Louise,Miller
Janice,Harper
Donna,Thomas
Lillian,Carpenter
Robin,Wagner
Carol,Jenkins
Annie,Woods
Diane,Gutierrez
Annie,Nichols
Janice,Taylor
Sara,Coleman
Christine,Riley
Theresa,Martinez
Maria,Lane
Cheryl,Stevens
Jennifer,Jones
Amanda,Ramos
Anna,Ortiz
Heather,Gutierrez
Tammy,Jenkins
Christine,Jenkins
Denise,Lane
Martha,Evans
Donna,Fisher
Annie,Graham
Sandra,Anderson
Michelle,Andrews
Katherine,Campbell
Denise,Sullivan
