Wayne,Cruz
Edward,Fields
Fred,Graham
Paul,Clark
Harold,Johnston
Carl,Harper
Craig,Turner
Nicholas,Reid
Joshua,Myers
Anthony,Fields
Roy,Holmes
Jeremy,Knight
Albert,Chapman
Patrick,Stephens
Jonathan,Hart
Martin,Richards
Daniel,Wright
Benjamin,Lewis
Matthew,Wright
Richard,Reid
Daniel,Simpson
Steve,Morgan
Jose,Bennett
Joseph,Gordon
Alan,Romero
Henry,Medina
Brian,Peterson
Henry,Robertson
Albert,Morgan
Jimmy,Lynch
Bobby,Alexander
Daniel,King
Richard,Mitchell
Steve,Lewis
Ronald,Cunningham
Keith,Matthews
Eugene,Carroll
Terry,Dunn
Alan,Montgomery
Scott,Kelly
James,Turner
Roy,Williamson
James,Vasquez
Wayne,Murray
Charles,Olson
Jonathan,Henry
Robert,Simmons
Roy,Mendoza
Clarence,Russell
Jack,Burke
Peter,Hawkins
Antonio,Porter
Carlos,Taylor
Howard,Jackson
Benjamin,Davis
Larry,Chavez
Steven,Jenkins
Terry,Baker
Todd,Franklin
Brian,Brown
Russell,Stanley
Jose,Peterson
William,Castillo
Daniel,Carpenter
Antonio,Foster
Roger,Gonzales
Joshua,Stone
Samuel,Greene
Roger,Sanchez
Jack,Peters
Eric,Porter
Benjamin,Simmons
James,Austin
Matthew,Gonzalez
Ronald,Barnes
Jason,Austin
Raymond,White
Randy,Williamson
Ernest,Hawkins
Kenneth,Frazier
Gerald,Snyder
Scott,Fowler
Benjamin,Larson
Willie,Marshall
Larry,Baker
Larry,Hudson
Howard,Oliver
Eric,Ray
Aaron,Hanson
Harold,Fisher
George,King
Victor,Nichols
Randy,Kelley
Martin,Cole
Roger,Hudson
Bobby,Knight
Jason,Russell
Paul,Dixon
Walter,Webb
Philip,Fields
Jerry,Hall
Robert,Cook
Steve,Chapman
Eugene,Johnson
Edward,Smith
Randy,West
Jeffrey,Johnston
Douglas,Vasquez
Brandon,Hawkins
Carl,Dixon
Samuel,Palmer
Craig,Burton
Larry,Perkins
Gary,Larson
Russell,Carpenter
Keith,Baker
Henry,Bryant
Fred,Ford
Nicholas,Bishop
Ralph,Alvarez
Andrew,Reyes
Edward,Stewart
Kenneth,Hill
Juan,Bell
Larry,Grant
Ernest,Ellis
Gary,Lopez
Mark,Arnold
Douglas,Bradley
Arthur,Peters
Ernest,Stevens
Terry,Mitchell
Frank,Matthews
Louis,Gordon
Jeffrey,Pierce
Harold,Reyes
Randy,Morris
Wayne,Graham
Daniel,Gardner
Wayne,Greene
Andrew,Jackson
Dennis,Freeman
Keith,Schmidt
Douglas,Burke
Gregory,Berry
Aaron,Ray
Raymond,Montgomery
Richard,Owens
Anthony,Diaz
Justin,Armstrong
Ralph,Grant
Michael,Perez
Michael,Ryan
Arthur,Mcdonald
Carlos,Webb
Robert,Morrison
Ralph,Vasquez
Jerry,Duncan
Alan,Rogers
Harry,Weaver
Douglas,Jones
Arthur,Wright
Aaron,Romero
Victor,Wilson
Lawrence,Willis
Roy,Kelly
Gregory,Baker
William,Reyes
Jason,Alvarez
Anthony,Mitchell
Benjamin,Graham
Alan,Peters
Adam,Adams
Russell,Simmons
Lawrence,Evans
James,Davis
Martin,George
Carl,Howell
Juan,Young
Brandon,Garcia
Jerry,Lee
Joshua,Andrews
Juan,Morrison
Joshua,Martinez
Matthew,Gilbert
Peter,Wheeler
Jesse,Harvey
Andrew,Mills
Steve,Dunn
Carl,Austin
Antonio,Burns
Brandon,Young
Andrew,Cooper
Juan,Schmidt
Walter,Bennett
Phillip,Griffin
Benjamin,Ortiz
Keith,Ward
Steve,Jackson
Jesse,Harper
Fred,Garza
Edward,Spencer
Peter,Sims
Jose,Allen
Mark,Tucker
Eugene,Montgomery
Louis,Romero
Jerry,Bailey
Richard,Bennett
Nicholas,Payne
Bruce,Harper
Keith,Welch
Samuel,Holmes
Jonathan,Thomas
Sean,Boyd
Mark,Owens
Richard,Baker
Thomas,Coleman
Sean,Kelly
Charles,Mason
Roy,Washington
Timothy,Nelson
Daniel,Richardson
Benjamin,Gibson
Earl,Montgomery
Victor,Smith
Russell,Murphy
Bobby,Crawford
Earl,Dean
Steve,James
Nicholas,Stewart
Jose,Matthews
Brian,Cook
Kenneth,Knight
Joseph,Nichols
Anthony,Hart
Robert,Franklin
Dennis,Ferguson
Carl,Gomez
Raymond,Rivera
Daniel,Meyer
Larry,Vasquez
Clarence,Gomez
Timothy,Martinez
Antonio,Hicks
Roy,Porter
Russell,Berry
Juan,Spencer
Daniel,Franklin
Arthur,Shaw
Donald,Snyder
Michael,Jones
Peter,Harvey
Edward,Gutierrez
Frank,Stanley
Douglas,Nichols
Earl,Ryan
Eric,Marshall
Bruce,Bailey
Jeremy,Brown
Frank,Robinson
Dennis,Thompson
Steve,Rivera
Eugene,West
Randy,Cruz
Jeremy,Diaz
Henry,Cunningham
Daniel,Robertson
Harry,Lee
Louis,Hart
Dennis,Garrett
Nicholas,Griffin
Philip,Payne
Scott,Chavez
Samuel,Mccoy
Lawrence,Kelly
Aaron,Kelley
Fred,Long
Brian,Meyer
Roger,Perez
Stephen,Riley
Dennis,Mitchell
Samuel,Hunt
Bobby,Cook
Todd,Welch
Russell,Tucker
Jason,Adams
Steve,Stone
Howard,Bailey
Gerald,Lawson
Larry,Carter
Gerald,Green
Peter,Fowler
Mark,Gomez
Joshua,Hunt
Aaron,Castillo
Carl,Robinson
Jack,Russell
Joe,Russell
Timothy,Mitchell
Brian,Adams
Jesse,Hansen
Shawn,Medina
Frank,Hunt
Randy,Rose
Carl,Rogers
Jonathan,Hunt
Jeremy,Robinson
Charles,James
Kenneth,Turner
Willie,Hall
Samuel,Berry
Benjamin,Nguyen
Stephen,Gonzalez
Joseph,Hill
Aaron,Walker
Wayne,Ramos
Adam,Weaver
Peter,Castillo
Steve,Wallace
Arthur,Richardson
Randy,Johnston
Robert,Dixon
Bruce,Lee
Douglas,Griffin
Stephen,Medina
Matthew,Franklin
Ronald,Gonzales
James,Edwards
Scott,Perkins
Aaron,Myers
Johnny,Sanders
Arthur,Cooper
Victor,James
Craig,Webb
Phillip,Grant
Richard,Gibson
Louis,Lewis
Craig,Murray
Antonio,Wood
Juan,Allen
Jonathan,Miller
Phillip,Smith
Joe,Harper
Albert,Gomez
Earl,Rodriguez
Jerry,Mason
Philip,Howell
Howard,Brooks
Jeremy,Chapman
Scott,Gonzalez
Donald,Griffin
Jeffrey,Fowler
Harold,Walker
Jason,Barnes
Jerry,Price
David,Hunt
Chris,Stone
Jose,Warren
Patrick,Lawrence
John,Adams
Carl,Powell
Brandon,Bell
Victor,Hunter
Gregory,Nelson
Alan,Butler
Nicholas,Perez
Robert,Bowman
Todd,Reyes
Scott,Olson
Terry,Garcia
Eric,Harris
Raymond,Harris
Clarence,Morales
Wayne,Rice
Patrick,Perkins
Aaron,Mitchell
Jack,Murphy
Adam,Garcia
Randy,Garrett
Gerald,Griffin
Larry,Jackson
Jonathan,Austin
Robert,Hernandez
Roger,Diaz
Gerald,Hayes
Peter,Lynch
Joseph,Mills
Jeremy,Torres
James,Barnes
Timothy,Butler
Christopher,Little
Walter,Bryant
Walter,Dunn
Dennis,Frazier
Roy,Peters
Bobby,Barnes
Jason,Payne
Todd,Elliott
Jose,Jacobs
Terry,Ross
Thomas,Duncan
Larry,Mitchell
Jonathan,Banks
Craig,Ward
Terry,James
Ernest,Castillo
Ralph,Nguyen
Gary,Perry
Henry,Mason
Joshua,Hunt
Stephen,Bell
Donald,Lopez
Robert,Simmons
Adam,Harrison
Shawn,Olson
Johnny,Banks
Jose,Hall
Jesse,Austin
Jeremy,Harrison
Scott,Andrews
Jeremy,Stanley
Bruce,Martin
Clarence,Reynolds
Paul,Andrews
Charles,Shaw
Andrew,Carter
Steven,Romero
Jose,Hernandez
Donald,Richardson
Gerald,Rodriguez
Ernest,Kim
Kenneth,Little
Terry,Brown
Albert,Hayes
Jason,Kim
Thomas,Carpenter
Brian,James
Arthur,Ramos
Fred,Kelly
Paul,Snyder
Patrick,Williams
Randy,Wilson
Henry,Stewart
Jonathan,Wagner
Robert,Welch
Henry,Stevens
Adam,Allen
Louis,Fields
Richard,Burns
John,Crawford
Todd,Henderson
Benjamin,Fernandez
Richard,Pierce
Kenneth,Hayes
Joshua,Hunt
Albert,Howard
Gregory,Fox
Victor,Carter
Lawrence,Riley
Keith,Spencer
Eric,Rice
Patrick,Olson
Justin,Davis
Joe,Cole
Jack,Ruiz
David,Mendoza
Antonio,Sullivan
Jesse,Reyes
Carlos,Grant
Douglas,Martin
Philip,Mills
Billy,Gonzales
Walter,Schmidt
Joshua,Ferguson
Arthur,Smith
Fred,Jones
Victor,Dean
Anthony,Bryant
David,Gibson
Wayne,Harvey
Shawn,Russell
Craig,Shaw
Paul,Welch
Anthony,Brooks
Raymond,Frazier
Steven,Stanley
Roger,Williamson
Eric,Vasquez
Bruce,Mills
Joe,Myers
Donald,Duncan
Thomas,Bryant
Shawn,Coleman
John,Wagner
Jerry,Russell
Phillip,Ward
John,Shaw
Ryan,Larson
Clarence,Alvarez
Scott,Nichols
Arthur,Long
Victor,Porter
Jack,Mitchell
Terry,Stanley
Albert,Howard
James,Parker
Adam,Roberts
Steven,Franklin
Benjamin,Torres
William,Stephens
Phillip,Crawford
Matthew,King
Joseph,Thompson
Mark,Miller
Joseph,Fuller
Aaron,Mitchell
Shawn,Scott
Jonathan,Carr
Victor,Williamson
Gregory,Romero
Jeffrey,Peters
Ralph,Gibson
Kevin,Hughes
Michael,Morris
Gregory,Knight
Kenneth,Reid
Phillip,Owens
Clarence,Romero
Henry,Shaw
Dennis,Freeman
Scott,Castillo
James,Ellis
Steve,Lawson
Frank,Diaz
Paul,Wallace
Christopher,Rice
Jonathan,Stevens
Adam,Welch
Bobby,Perry
Charles,Baker
Ralph,Dixon
Louis,Lynch
Roger,Tucker
Randy,Carter
Edward,Woods
Steve,Hansen
Randy,Chapman
Andrew,Garrett
Craig,Grant
George,Greene
Bobby,Morgan
Earl,Fields
Michael,Ramos
Eric,Collins
Raymond,Burke
Jesse,Jenkins
Martin,Jackson
Keith,Carter
Harold,Dean
George,Bradley
George,Hamilton
Martin,Wheeler
Shawn,Myers
Frank,Fuller
Jeremy,Richardson
Roy,Peters
Henry,Bishop
Benjamin,Austin
Roger,Morales
Earl,Morrison
Billy,Andrews
Phillip,Carpenter
Victor,Alexander
Russell,Peterson
Juan,Simpson
John,Black
Juan,Hughes
Patrick,Johnson
Jimmy,Webb
Jimmy,Andrews
David,Moore
Harry,Cox
Jonathan,Stephens
Daniel,Ward
Henry,Smith
Adam,Collins
William,Ray
Ralph,Weaver
Billy,Peters
Clarence,Lane
Frank,Ward
Ronald,Nguyen
Jeremy,Campbell
Louis,Vasquez
William,Stephens
Joe,Anderson
Samuel,Marshall
Jonathan,Fields
Todd,Ford
Jeffrey,Reynolds
Richard,Lynch
Philip,Kim
Sean,Turner
Jeremy,Johnson
Joseph,Myers
Willie,Cook
Phillip,Allen
Russell,Foster
Steve,Bailey
Steven,Fields
Shawn,Foster
Jonathan,Fuller
Thomas,Cruz
George,Garza
Frank,Chavez
Gregory,Brooks
Robert,Hanson
Jimmy,Gilbert
Howard,Hughes
Kevin,Russell
Anthony,Green
Larry,Williamson
Joseph,Romero
David,Mcdonald
Steven,Washington
Samuel,Howard
Michael,Lawrence
Carl,Hicks
Juan,Jordan
Juan,Collins
Keith,Simmons
Victor,Woods
Shawn,Diaz
Michael,Woods
Frank,Mccoy
Craig,Fuller
Carlos,Ford
Russell,Burke
Harold,Montgomery
Dennis,Henry
Victor,Alvarez
Douglas,James
Christopher,Holmes
Bobby,Rose
Johnny,Williamson
John,Dunn
William,Bailey
Jeremy,Jordan
Bruce,Kelley
Juan,Chavez
John,Morrison
Roger,Moore
Harry,Bradley
Alan,Wells
Ralph,Brooks
Henry,Dixon
Jason,Watson
Stephen,Bennett
Antonio,Sullivan
Bobby,Ray
Paul,Garrett
Mark,Armstrong
William,Coleman
Chris,Scott
Gary,Ellis
William,Bailey
Jonathan,Payne
Ryan,West
Ronald,Fuller
Matthew,Evans
Daniel,Bradley
Howard,Harper
Earl,Reid
Philip,Williamson
Peter,Hill
Ronald,Howard
Russell,Hansen
Terry,Williamson
Daniel,Hamilton
Joe,Miller
Joe,Gordon
Kenneth,Perez
Wayne,Garcia
Todd,Schmidt
Dennis,Reid
Bobby,Stephens
Eugene,Richards
Gerald,Castillo
Steve,Chapman
Arthur,Castillo
Matthew,Moreno
Adam,Morris
Willie,Nelson
John,Dean
Benjamin,Myers
Phillip,King
Clarence,Hernandez
Brian,Carter
Frank,Wood
Joseph,Carpenter
Bobby,Little
Andrew,Peterson
Ralph,Riley
Frank,Reed
Russell,Bradley
Johnny,Ross
Martin,Mccoy
Benjamin,Thompson
Harold,Wagner
Aaron,Mills
Johnny,Murray
Lawrence,Jenkins
Shawn,Cox
Willie,Simpson
Bobby,Cole
Ronald,Sanders
Kevin,Butler
Robert,Mendoza
Jason,Kim
Edward,Edwards
Nicholas,Perkins
Ralph,Thomas
Phillip,Hughes
Wayne,Garcia
Wayne,Nguyen
Jonathan,Fernandez
Jeremy,Moore
Albert,Jenkins
Larry,Ferguson
James,Bell
Randy,Franklin
Louis,Walker
Larry,Sims
Charles,Arnold
Jesse,Harper
Lawrence,Long
Jose,Frazier
Benjamin,Hunter
Robert,Bradley
Anthony,Wright
Clarence,Gomez
Juan,Hughes
Benjamin,Bennett
Kevin,Gilbert
David,Payne
Stephen,Perry
Harry,Robinson
Eugene,Hughes
Todd,Bishop
Todd,Gardner
Craig,Hansen
Henry,Reyes
Gary,Howell
Steven,Harris
Samuel,Mcdonald
David,Chapman
Jeremy,Campbell
Craig,Thompson
Jerry,Matthews
Ralph,Patterson
Jeffrey,Reid
Mark,Harvey
Jeremy,Hernandez
Craig,Gray
Dennis,Miller
Lawrence,Tucker
Joshua,Ray
Roger,Gardner
Henry,Hernandez
Jimmy,Andrews
Nicholas,Jones
Russell,Watson
Steven,Hawkins
Bobby,Roberts
Carl,Daniels
Donald,Black
Alan,Austin
Juan,Butler
Jesse,Fields
Ernest,Weaver
Raymond,Lewis
Justin,Hayes
David,Day
Craig,Wheeler
Kenneth,Perry
Brandon,Johnson
Sean,Carter
Charles,Thompson
Jerry,Brown
Howard,Boyd
Harry,Scott
Walter,Gutierrez
Douglas,Torres
Christopher,Welch
Stephen,Larson
Donald,Rice
Sean,Schmidt
Russell,Wagner
Jose,Perry
Randy,Gutierrez
Kevin,Hayes
Terry,Webb
Willie,Sims
Gregory,Bradley
David,Marshall
Jerry,Rogers
Donald,Murphy
Matthew,Hansen
Chris,Sims
Daniel,Hunter
Ralph,Spencer
Gerald,Anderson
Raymond,Griffin
Albert,Patterson
Patrick,Cook
Benjamin,Nguyen
Jerry,Reid
Jimmy,Carroll
Russell,Sanders
Antonio,Gonzales
Bruce,White
Bobby,Powell
Steve,Snyder
Aaron,Nelson
Carl,Burns
Alan,Edwards
Brandon,Hunt
Antonio,Simmons
Patrick,Ramos
Alan,Austin
Patrick,Harper
Kenneth,Nichols
Ronald,Kelly
Charles,Grant
Jesse,Alvarez
Craig,Simpson
Louis,Hill
Frank,Berry
Lawrence,Duncan
Jonathan,Ferguson
Ryan,Moore
David,Olson
Harry,Marshall
Arthur,Stanley
Thomas,Bailey
Jerry,James
Jimmy,Lawrence
Gregory,Henry
Justin,Alexander
Samuel,George
David,Banks
Bruce,Berry
Ronald,Mason
Antonio,Gomez
Shawn,Burke
Chris,Frazier
Roy,Lewis
Kenneth,Griffin
Phillip,Young
Adam,Turner
Brian,Reid
Fred,Warren
Terry,Reynolds
Howard,Roberts
Johnny,Bailey
Paul,Morales
Jonathan,Harvey
Eric,Garcia
Benjamin,Ramos
Kevin,Reid
Gary,Harrison
Justin,Baker
Victor,Turner
Fred,Crawford
Ryan,Sims
Willie,Peterson
Randy,Nelson
Alan,Evans
Gerald,Roberts
Jesse,Sanders
Jeffrey,Burke
Frank,Wells
Mark,Peters
Albert,Wagner
Craig,Hall
Walter,Simmons
Roy,Ryan
Stephen,Ferguson
Nicholas,Dunn
Carl,Lewis
Joe,Hall
Kenneth,Rice
Matthew,Freeman
Jerry,Foster
Jonathan,Vasquez
Edward,Long
Timothy,Jackson
David,Mccoy
Daniel,Morris
Aaron,Riley
Bruce,Hudson
Jose,Warren
Roger,Thomas
Keith,Peterson
Joshua,Olson
Antonio,Burton
Clarence,Bradley
Mark,Chavez
Aaron,Smith
Philip,Austin
David,Chavez
Walter,Robinson
William,Sanders
Jonathan,Hicks
Philip,Hernandez
Howard,Palmer
Richard,Ryan
Eric,Cunningham
Edward,Collins
Sean,Knight
Wayne,Mccoy
Ryan,Hawkins
Frank,Walker
Walter,Hill
Justin,Ramos
Martin,Porter
Albert,Russell
Timothy,Watkins
Andrew,Murphy
Johnny,Marshall
Randy,Barnes
Dennis,Tucker
Henry,Hanson
Ryan,Ruiz
Walter,Simpson
Jack,Sims
Clarence,Spencer
Charles,Vasquez
Jack,Howard
Frank,Hall
Harold,Hughes
Ernest,Owens
Roger,Sanchez
Steven,Robinson
Johnny,Sullivan
Willie,Montgomery
Bruce,Henderson
Ryan,Black
James,Hughes
Albert,Montgomery
Terry,Garcia
Johnny,Fowler
Earl,Woods
Antonio,Lee
Arthur,Wright
Timothy,Tucker
Jesse,Griffin
Eugene,Kennedy
Victor,Montgomery
Ernest,Frazier
James,Pierce
Richard,Arnold
Shawn,Schmidt
Peter,Lane
Samuel,Walker
John,Little
Patrick,Hall
Carlos,Sims
Roger,Nguyen
Jimmy,Dean
Timothy,Carpenter
Willie,Miller
Edward,Gardner
Shawn,Bryant
Sean,Rogers
Keith,Bennett
Andrew,Schmidt
Todd,Fowler
Patrick,Hughes
Eugene,Bowman
Jesse,Medina
Earl,Weaver
Jimmy,Oliver
Steven,Diaz
Aaron,Baker
Carl,Reed
Brian,Chapman
Randy,Willis
Timothy,Clark
Jeffrey,Stanley
Terry,Freeman
Christopher,Wallace
Andrew,Burton
Jack,Robertson
Eric,Gomez
Jimmy,Bell
Russell,Franklin
Jeffrey,Washington
Larry,Reid
